<profile version="1.0">
  <option name="myName" value="Default" />
  <inspection_tool class="PyPackageRequirementsInspection" enabled="true" level="WARNING" enabled_by_default="true">
    <option name="ignoredPackages">
      <value>
        <list size="4">
          <item index="0" class="java.lang.String" itemvalue="websocket_client" />
          <item index="1" class="java.lang.String" itemvalue="aiohttp" />
          <item index="2" class="java.lang.String" itemvalue="requests" />
          <item index="3" class="java.lang.String" itemvalue="APScheduler" />
        </list>
      </value>
    </option>
  </inspection_tool>
  <inspection_tool class="PyUnresolvedReferencesInspection" enabled="true" level="WARNING" enabled_by_default="true">
    <option name="ignoredIdentifiers">
      <list>
        <option value="dict.__add__" />
      </list>
    </option>
  </inspection_tool>
</profile>